target,adapter,adp_flag,min_len,max_len
leading_seq,ATATTTGCTCATGAGCCCGAAGTGG,-a,0,25000
barcode_1,ATCGGTGAGCCCGGGCTGTCGGCGT...ATATGCCAGCAGGCCGGCCACGCT,-a,30,50
barcode_2,ATATGCCAGCAGGCCGGCCACGCT...CGGTGGCCCGGGCGGCCGCACGATG,-a,30,50
lacI,ATTATTTTTTCCTCCTGGATTATCA...ATTCACCACCCTGAATTGACTCTCT,-a,1000,1200
insulator,ATTCACCACCCTGAATTGACTCTC...GCTACATGAGTAGCAGTACGAAAAT,-a,250,350
tetA,ACTAGCCATCAAGGAGAGCTGCTAC...TAACGGCGTAAGGAGGTATTTTTAT,-a,1100,1300
YFP,CTAAACAAGAAACGAGTGCCTAACG...TAAAAGCGGGAGACCAGAAACAAAA,-a,650,850
KAN,TGGACGAGCTGTATAAATAAAAGCG...ACCCCTTAATAAGATGATCTTCTTG,-a,950,1150
Ori,TCCACTGAGCGTCAGACCCCTTAAT...ATAGTAAGCCAGTATACACTCCGCT,-a,700,900
empty_1,ATCGGTGAGCCCGGGCTGTCGGCGT,-a,0,200
empty_2,ATTATTTTTTCCTCCTGGATTATCA...TCACTGCCCGCTTTCCAGTCGGGAA,-a,100,200
empty_3,ATATTTGCTCATGAGCCCGAAGTGG,--front,0,25000
trailing_seq,TGAGCGAGGAAGCACCTCAGATAAA,--front,0,25000